{
    "new": [
        {
            "owner": "amazon",
            "link": "Item link",
            "ratings": 4.5,
            "price": 70,
            "name": "Name of the product",
            "img": "http://imagelink",
            "createdTime": 164641654,
            "updatedTime": 164641699,
            "newProduct": 1,
            "isLoading": 0,
            "pid": "2hq6asd",
            "suggestions": [
                {
                    "owner": "walmart",
                    "price": 85,
                    "link": "Item link",
                    "img": "http://imagelink",
                    "productName": "Name of the product",
                    "ratings": 4.8,
                    "index": 0
                },
                {
                    "owner": "bestbuy",
                    "link": "Item link",
                    "price": 85,
                    "productName": "Name of the product",
                    "ratings": 4.8,
                    "img": "http://imagelink",
                    "timestamp": 123548964,
                    "index": 0
                }   
            ]
        }
    ],
    "expired": [
        // Same as new (Max 20)
    ]
}